{"FN": 7.0, "FP": 1.0, "TN": 25685.0, "TP": 2687.0, "best-f1": 0.9985085600516392, "latency": 122.59754804903902, "pot-FN": 7.0, "pot-FP": 14.0, "pot-TN": 25672.0, "pot-TP": 2687.0, "pot-f1": 0.9961025032916891, "pot-latency": 83.99832003359933, "pot-precision": 0.9948167308596196, "pot-recall": 0.9974016295567868, "pot-threshold": -106.2339575518838, "precision": 0.999627972471622, "pred_time": 0.13490514310312943, "pred_total_time": 76.82862377166748, "recall": 0.9974016295567868, "threshold": -399.0}